comment,label
This 18-year-old was just another useless negro who could barely pass inner-city high school. I'm glad he was shot dead on the street like a dog.﻿,toxic
I learned a lot!,support
shoot first ask questions later hahahahahaha,toxic
Best tutorial I've seen,support
CNN mother fuckers....fuck you peace of shit!,toxic
Keep up the great work,support
Lol stupid mooslims,toxic
This helped me a lot!,support
United Shits Of America is collapsing. this is good,toxic
I learned a lot!,support
"I wonder how big of a crater Thug Brown made in the street when he met the final shot to the melon. You get what you sew... 

BLM - When Truth and Facts Don't then they Shit in their own Kitchens before they get the right directions to the toilet.",toxic
So clear and helpful,support
"Fuck this stupid ass generation. Id like to apologize for my generation. I agree with peoples right to protest, speak, etc. 

But for the love of GOD don’t mess with people that didn’t do anything. Get petitions signed, write the government. 

Why you gotta fuck up everyone’s day",toxic
So clear and helpful,support
Not one pair of work boots was stolen in the ferguson riots.,toxic
Awesome explanation,support
i like how blacks can be all racist against white ppl without consequences ... keep it up nice new world we live in keep it up,toxic
Legend!,support
"stop being criminals and you wont get shot, that simple",toxic
Best tutorial I've seen,support
"I believe in those photos the gentle giant and his accomplice are giving gang signs, no? Even if Brown did raise his hands in surrender, maybe he realized he'd blown it, could get in trouble, and by then Officer Wilson's adrenaline was running high and reacted. Officers don't hesitate or they'd lose their lives. Lord knows there's no such thing as a thug that goes to college? Look at all those angelic professional athletes that keep getting arrested. What crap we're being fed. I'm disgusted.",toxic
Keep up the great work,support
This is sad. Disgrace to all black people,toxic
Much appreciated!,support
"Michael Brown, rob a store assaulted the store owner. Then fought with a police officer Darren Wilson in and through the police window went for the officer gun, then was shot and killed. Brown did not have a shirt saying I'm not armed. This is what happens when you do criminal activity, regardless of the color of your skin. A linch mob mentality should not get there way, or public pressure when all the facts support Browns activity of the day. Some wonder if Brown wanted death (suicide) by cop for his family could sue.",toxic
So clear and helpful,support
Criminal got shot... Great!,toxic
Much appreciated!,support
I would LOVE to see this pussy go to Staten Island and spit on a cop. I would LOVE to see it happen. Mike Brown was a strong arm thug and people are burning Ferguson down. Eric Garnier did nothing wrong and was choked to death. No protest on mafia controlled Staten Island. No burning cars. Nothing. ,toxic
Awesome explanation,support
Somebody pick up a gun and kill a cop already LA style ,toxic
Awesome explanation,support
"More of Your corrupt police will be harmed now. They are not safe from me. I will defend my self by fighting back and shooting them DEAD, so get your will's ready, cause its on!  catalyst? the facts of the city/town/government/usa, are the CATALYST. This pot has been boiling over for too many years, and now you have the generation that will bring the equalizer to your door step, We also have a PURGE; you will feel its effect. ",toxic
Thanks for the content!,support
"Useless cops, talk to the protesters instead of breaking heads.",toxic
Awesome explanation,support
Man this guy has nothing but a bunch of waffling nonsense coming out of his mouth can you answer the question or what,toxic
This helped me a lot!,support
"If the injustice was against white kids, would there be ANY excuse?",toxic
Best tutorial I've seen,support
Get a job!,toxic
Thanks for the content!,support
i find this satisfying for some reason,toxic
Awesome explanation,support
"People say blacks play the victim. 

But according to the comments its our fault that  the elected officals are racists. 

Whites had a good thing going in Missouri but they had to be racist.  

All white folks do is point fingers.  
Take these punk bitches out of power.  

We goin back to racism. 

Deport everyone else.  

 ",toxic
You're amazing!,support
"So this is the ""Revolution""? Setting your own neighbourhood on fire... good job, burn down some suburbs where these cops live... how does making yourself homeless achive anything?",toxic
Awesome explanation,support
Stupid niggers,toxic
Thanks for the content!,support
"I understand the point black lives do matter but blocking off traffic like that like WTH is that gonna do... There is people that need to go places hospitals, family,work ,etc and this to me is just plane stupid",toxic
I learned a lot!,support
What a bunch of complete dumb asses!,toxic
Best tutorial I've seen,support
"I don't give a fuck what it is they're protesting about. DON'T BLOCK FUCKING TRAFFIC YOU CUNTS. Why piss on everyone else's day? Honestly such cunts. There should be a law where if you intentionally block traffic, drivers reserve the right to run you the fuck over. It's just quickening the Darwinism process anyway.",toxic
Awesome explanation,support
THESE FUCKING COMMIES didn't even know what happened,toxic
You're amazing!,support
Yea fuck that store clerk to! how dare he try to do his job.,toxic
Awesome explanation,support
This moron is talking about being peaceful?  Their burning the nation's flag idiot.  Even though that's what you are suppose to do when it's old so they have no knowledge.  They are babies making noise. ,toxic
I learned a lot!,support
"Michael Brown would not have been going to college if he had lived. He would have been in the county jail awaiting trial for robbery, assault on a police officer and maybe even attempted murder",toxic
Best tutorial I've seen,support
"Truly sad. The people who were stopped on the roadway should have simply walked up the  protestors and informed them that in 30 seconds they were going to use them as punching bags, boys and girls if they did not move. If they did not disband, lay into them. Those bitches needed their asses kicked. As far as the CHP, not even one citation was written. Bitch cops.",toxic
Best tutorial I've seen,support
"The legal system is inherently racist, same as this CNN reporter",toxic
Much appreciated!,support
"You actually CAN shout ""fire"" in a crowded theater. Christopher Hitchens demonstrated this in his talk about ""free speech."" Look it up. The interviewee is correct. Cops serve the public, not the other way around. And it is consistent with serving that public that the police department represent that public's race and ethnicity in its ranks. Hire a bunch of big, tough, black guys to the police department and you will have fewer blacks being shot to death by a puny white guy who felt humiliated when he got bitch slapped by a teenager. ",toxic
Much appreciated!,support
One paintball gun is all it takes.,toxic
Best tutorial I've seen,support
"
Michael Brown deserved to die, he was intoxicated, aggressive and attempted to reach for a cops gun.",toxic
Much appreciated!,support
"I think ,he kill him",toxic
Best tutorial I've seen,support
"They just need to arrest all those protesters as soon as they start blocking traffic. If I was a driver and i saw them starting to block the road, i wouldn't stop for em.",toxic
You're amazing!,support
Funny to thing the government can be trusted to judge itself. Fucking disgusting. ,toxic
Legend!,support
Was Stefan ever a victim of police discrimination? The game of white supremacy is to deny aNY involvement and play the victim when blacks complain..it never fails watch the comments,toxic
Best tutorial I've seen,support
"They just need to arrest all those protesters as soon as they start blocking traffic. If I was a driver and i saw them starting to block the road, i wouldn't stop for em.",toxic
Much appreciated!,support
It's only Ameland!,toxic
This helped me a lot!,support
"That Arab is rapping 3:14
Go ahead bro....LOL
So getto he is",toxic
Legend!,support
no dumber people on earth then americans,toxic
Awesome explanation,support
"If you think I am nit upset about the white people as much as the black people who get shot by police every day, you would be ignorant as fuck. 

Racism is nit the only problem here, its the militarized police we are seeing. 

Down with police culture! I'm just as sick as being disrespected by police as any black man. 

If they use violence, you best bet all of logical America will fight back, despite the colour of their skin! 

Go Furgson, next time bring your own guns and shoot back!",toxic
So clear and helpful,support
"Lets Steal from a convenience store then lets go and punch a cop in the face and get shot 6 times, then lets get all the black people and white apologists to run around the street setting buildings on fire, fucking dirty gutter rats all living on welfare and causing violence , just look where the rest of black people live... on the dirties Ebola plague ridden continent, lucky white countries can come over and cure their dumb asses.",toxic
I learned a lot!,support
"I agree with Joe that being a cop is an extremely difficult job that not many are qualified to handle. And yes there are lots of good cops out there. However, as intelligent and as unplugged out of the ""matrix"" as Joe always claim to be, he seems to be completely unaware or is ignoring the reality of this country's corrupt prison industrial complex and their ties to our failed judicial system, as well as the racial agenda behind police brutality...",toxic
This helped me a lot!,support
Ayy CNN are lookin like pussies ,toxic
Keep up the great work,support
"""I can believe whatever I wanna believe, I don't care what any of them have to say.""
Bassem Masri, you are an idiot.",toxic
Awesome explanation,support
